INSERT INTO "STATUS" (ID, VERSION, NAME) VALUES
(1, 1, 'Imported lead'),
(2, 1, 'Not contacted'),
(3, 1, 'Contacted'),
(4, 1, 'Customer'),
(5, 1, 'Closed (lost)');
INSERT INTO "COMPANY" (ID, VERSION, NAME) VALUES
(6, 1, 'TelebidPro'),
(7, 1, 'Baseline Cybersecurity'),
(8, 1, 'StamSoft'),
(9, 1, 'ComputerSpace'),
(10, 1, 'Bosch');
INSERT INTO "CONTACT" (ID, VERSION, EMAIL, FIRST_NAME, LAST_NAME, COMPANY_ID, STATUS_ID) VALUES
(11, 1, 'aleko.georgiev@gmail.com', 'Aleko', 'Georgiev', 8, 1),
(12, 1, 'aleksandra.stoicheva@gmail.com', 'Aleksandra', 'Stoicheva', 7, 5),
(13, 1, 'aleksander.ivanov@gmail.com', 'Aleksander', 'Ivanov', 6, 3),
(14, 1, 'boris.bachev@gmail.com', 'Boris', 'Bachev', 10, 3),
(15, 1, 'vasil.stefanov@gmail.com', 'Vasil', 'Stefanov', 6, 4),
(16, 1, 'vesko.spasov@gmail.com', 'Vesko', 'Spasov', 10, 2),
(17, 1, 'viktor.naidenov@gmail.com', 'Viktor', 'Naidenov', 8, 1),
(18, 1, 'valentin.marinov@gmail.com', 'Valentin', 'Marinov', 8, 5),
(19, 1, 'desislava.stefanova@gmail.com', 'Desislava', 'Stefanova', 6, 1),
(20, 1, 'dimitar.kostenarov@gmail.com', 'Dimitar', 'Kostenarov', 10, 2),
(21, 1, 'ivan.georgiev@gmail.com', 'Ivan', 'Georgiev', 8, 3),
(22, 1, 'ivan.ivanov@gmail.com', 'Ivan', 'Ivanov', 7, 1),
(23, 1, 'kristian.yankov@gmail.com', 'Kristian', 'Yankov', 9, 4),
(24, 1, 'kristian.bogdanov@gmail.com', 'Kristian', 'Bogdanov', 9, 3),
(25, 1, 'krum.stefanov@gmail.com', 'Krum', 'Stefanov', 7, 5),
(26, 1, 'martin.bozhilov@gmail.com', 'Martin', 'Bozhilov', 7, 3),
(27, 1, 'matei.zahariev@gmail.com', 'Matei', 'Zahariev', 6, 4),
(28, 1, 'nikola.kerezov@gmail.com', 'Nikola', 'Kerezov', 8, 1),
(29, 1, 'petio.miladinov@gmail.com', 'Petio', 'Miladinov', 9, 5),
(30, 1, 'simeon.angelov@gmail.com', 'Simeon', 'Angelov', 6, 2),
(31, 1, 'simeon.yordanov@gmail.com', 'Simeon', 'Yordanov', 9, 3),
(32, 1, 'hristian.petrov@gmail.com', 'Hristian', 'Petrov', 9, 1),
(33, 1, 'yasen.angelov@gmail.com', 'Yasen', 'Angelov', 10, 2)